Number,Title,URL,Duration,Duration (Minutes),Publish Date,Description
114,114: HD,https://darknetdiaries.com/episode/114,4683,78.1,"Tue, 05 Apr 2022","HD Moore (https://twitter.com/hdmoore) invented a hacking tool called 
Metasploit. He crammed it with tons of exploits and payloads that can be 
used to hack into computers. What could possibly go wrong? Learn more about 
what HD does today by visiting rumble.run/. Sponsors Support for this show 
comes from Quorum Cyber. They exist to defend organisations against cyber 
security breaches and attacks. That’s it. No noise. No hard sell. If you’re 
looking for a partner to help you reduce risk and defend against the 
threats that are targeting your business — and specially if you are 
interested in Microsoft Security - reach out to www.quorumcyber.com. 
Support for this show comes from Snyk. Snyk is a developer security 
platform that helps you secure your applications from the start. It 
automatically scans your code, dependencies, containers, and cloud 
infrastructure configs — finding and fixing vulnerabilities in real time. 
And Snyk does it all right from the existing tools and workflows you 
already use. IDEs, CLI, repos, pipelines, Docker Hub, and more — so your 
work isn’t interrupted. Create your free account at snyk.co/darknet."
113,113: Adam,https://darknetdiaries.com/episode/113,3250,54.2,"Tue, 22 Mar 2022","Adam got a job doing IT work at a learning academy. He liked it and was 
happy there and feeling part of the team. But a strange series of events 
took him in another direction, that definitely didn’t make him happy. 
Sponsors Support for this show comes from Axonius. Securing assets — 
whether managed, unmanaged, ephemeral, or in the cloud — is a tricky task. 
The Axonius Cybersecurity Asset Management Platform correlates asset data 
from existing solutions to provide an always up-to-date inventory, uncover 
gaps, and automate action. Axonius gives IT and security teams the 
confidence to control complexity by mitigating threats, navigating risk, 
decreasing incidents, and informing business-level strategy — all while 
eliminating manual, repetitive tasks. Visit axonius.com/darknet to learn 
more and try it free. Support for this podcast comes from Cybereason. 
Cybereason reverses the attacker’s advantage and puts the power back in the 
defender’s hands. End cyber attacks. From endpoints to everywhere. Learn 
more at Cybereason.com/darknet. Support for this show comes from Varonis. 
Do you wonder what your company’s ransomware blast radius is? Varonis does 
a free cyber resilience assessment that tells you how many important files 
a compromised user could steal, whether anything would beep if they did, 
and a whole lot more. They actually do all the work – show you where your 
data is too open, if anyone is using it, and what you can lock down before 
attackers get inside. They also can detect behavior that looks like 
ransomware and stop it automatically. To learn more visit 
www.varonis.com/darknet."
112,112: Dirty Coms,https://darknetdiaries.com/episode/112,5423,90.4,"Tue, 08 Mar 2022","This episode we talk with a guy named 'Drew' who gives us a rare peek into 
what some of the young hackers are up to today. From listening to Drew, we 
can see that times are changing for the motive behind hacking. In the ’90s 
and ’00s it was done for fun and curiosity. In the ’10s Anonymous showed us 
what Hacktivism is. And now, in the ’20s, the young hackers seem to be 
profit driven. Sponsors Support for this show comes from Linode. Linode 
supplies you with virtual servers. Visit linode.com/darknet and get a 
special offer. Support for this show comes from Juniper Networks. Juniper 
Networks is dedicated to simplifying network operations and driving 
superior experiences for end users. Visit juniper.net/darknet to learn more 
about how Juniper Secure Edge can help you keep your remote workforce 
seamlessly secure wherever they are."
111,111: ZeuS,https://darknetdiaries.com/episode/111,3035,50.6,"Tue, 22 Feb 2022","ZeuS is a banking trojan. Designed to steal money from online bank user’s 
accounts. This trojan became so big, that it resulted in one of the biggest 
FBI operations ever. Sponsors Support for this show comes from Axonius. 
Securing assets — whether managed, unmanaged, ephemeral, or in the cloud — 
is a tricky task. The Axonius Cybersecurity Asset Management Platform 
correlates asset data from existing solutions to provide an always 
up-to-date inventory, uncover gaps, and automate action. Axonius gives IT 
and security teams the confidence to control complexity by mitigating 
threats, navigating risk, decreasing incidents, and informing 
business-level strategy — all while eliminating manual, repetitive tasks. 
Visit axonius.com/darknet to learn more and try it free. Support for this 
show comes from Keeper Security. Keeper Security’s is an enterprise 
password management system. Keeper locks down logins, payment cards, 
confidential documents, API keys, and database passwords in a patented 
Zero-Knowledge encrypted vault. And, it takes less than an hour to deploy 
across your organization. Get started by visiting 
keepersecurity.com/darknet."
110,110: Spam Botnets,https://darknetdiaries.com/episode/110,4269,71.2,"Tue, 08 Feb 2022","This episode tells the stories of some of the worlds biggest spamming 
botnets. We’ll talk about the botnets Rustock, Waledac, and Cutwail. We’ll 
discover who was behind them, what their objectives were, and what their 
fate was. Sponsors Support for this show comes from Juniper 
Networks (hyperlink: juniper.net/darknet). Juniper Networks is dedicated to 
simplifying network operations and driving superior experiences for end 
users. Visit juniper.net/darknet to learn more about how Juniper Secure 
Edge can help you keep your remote workforce seamlessly secure wherever 
they are.  Support for this podcast comes from Cybereason. Cybereason 
reverses the attacker’s advantage and puts the power back in the defender’s 
hands. End cyber attacks. From endpoints to everywhere. Learn more at 
Cybereason.com/darknet."
109,109: TeaMp0isoN,https://darknetdiaries.com/episode/109,3727,62.1,"Tue, 25 Jan 2022","TeaMp0isoN was a hacking group that was founded by TriCk and MLT 
(twitter.com/0dayWizard). They were responsible for some high profile 
hacks. But in this story it’s not the rise that’s most interesting. It’s 
the fall. Sponsors Support for this show comes from Thinkst Canary. Their 
canaries attract malicious actors in your network and then send you an 
alert if someone tries to access them. Great early warning system for 
knowing when someone is snooping around where they shouldn’t be. Check them 
out at https://canary.tools. Support for this podcast comes from 
Cybereason. Cybereason reverses the attacker’s advantage and puts the power 
back in the defender’s hands. End cyber attacks. From endpoints to 
everywhere. Learn more at Cybereason.com/darknet."
108,108: Marq,https://darknetdiaries.com/episode/108,2943,49.1,"Tue, 11 Jan 2022","This is the story of Marq (twitter.com/dev_null321). Which involves 
passwords, the dark web, and police. Sponsors Support for this podcast 
comes from Cybereason. Cybereason reverses the attacker’s advantage and 
puts the power back in the defender’s hands. End cyber attacks. From 
endpoints to everywhere. Learn more at Cybereason.com/darknet. Support for 
this show comes from Linode. Linode supplies you with virtual servers. 
Visit linode.com/darknet and get a special offer. View all active sponsors. 
Sources Court records and news articles were used to fact check this 
episode. However Marq requested that links to his full name not be made 
available. 
https://techcrunch.com/2019/12/19/ring-doorbell-passwords-exposed/ 
https://www.wired.com/2010/03/hacker-bricks-cars/"
107,107: Alethe,https://darknetdiaries.com/episode/107,3618,60.3,"Tue, 21 Dec 2021","Alethe is a social engineer. Professionally she tries to trick people to 
give her passwords and access that she shouldn’t have. But her journey to 
this point is interesting and in this episode she tells us how she became a 
social engineer. Follow Alethe on Twitter: https://twitter.com/AletheDenis 
Sponsors Support for this show comes from Skiff. Skiff is a collaboration 
platform built for privacy from the ground up. Every document, note, and 
idea you write is end-to-end encrypted and completely private. Only you and 
your trusted collaborators can see what you’ve created. Try it out at 
https://www.skiff.org/darknet. Support for this show comes from Blinkist. 
They offer thousands of condensed non-fiction books, so you can get through 
books in about 15 minutes. Check out Blinkist.com/DARKNET to start your 7 
day free trial and get 25% off when you sign up."
106,106: @Tennessee,https://darknetdiaries.com/episode/106,3039,50.7,"Tue, 07 Dec 2021","How much online abuse are you willing to take before you decide to let your 
abuser have what they want? Unfortunately, this is a decision that many 
people have to ask themselves. If someone can threaten you physically, it 
bypasses whatever digital security you have in place. Thanks to 
https://twitter.com/jw for sharing this harrowing story with us. Affiliate 
links to books: The Smart Girl’s Guide to Privacy: 
https://www.amazon.com/gp/product/1593276486/ref=as_li_tl?ie=UTF8&camp=1789&creative=9325&creativeASIN=1593276486&linkCode=as2&tag=tunn01-20&linkId=0a8ee2ca846534f77626757288d77e00 
Extreme 
Privacy:https://www.amazon.com/gp/product/B0898YGR58/ref=as_li_tl?ie=UTF8&camp=1789&creative=9325&creativeASIN=B0898YGR58&linkCode=as2&tag=tunn01-20&linkId=575c5ed0326484f0b612f000621b407f 
Sponsors Support for this show comes from IT Pro TV. Get 65 hours of free 
training by visiting ITPro.tv/darknet. And use promo code DARKNET. Support 
for this show comes from Ping Identity, champions of identity for the 
global enterprise. Give your users a loveable login solution. Visit 
www.pingidentity.com/. View all active sponsors."
105,105: Secret Cells,https://darknetdiaries.com/episode/105,4407,73.5,"Tue, 23 Nov 2021","Joseph Cox (https://twitter.com/josephfcox), Senior Staff Writer at 
Motherboard (https://www.vice.com/en/topic/motherboard), joins us to talk 
about the world of encrypted phones. Books Affiliate links to books: The 
Smart Girl’s Guide to Privacy: 
https://www.amazon.com/gp/product/1593276486/ref=as_li_tl?ie=UTF8&camp=1789&creative=9325&creativeASIN=1593276486&linkCode=as2&tag=tunn01-20&linkId=0a8ee2ca846534f77626757288d77e00 
Extreme 
Privacy:https://www.amazon.com/gp/product/B0898YGR58/ref=as_li_tl?ie=UTF8&camp=1789&creative=9325&creativeASIN=B0898YGR58&linkCode=as2&tag=tunn01-20&linkId=575c5ed0326484f0b612f000621b407f 
Sponsors Support for this show comes from IT Pro TV. Get 65 hours of free 
training by visiting ITPro.tv/darknet. And use promo code DARKNET. Support 
for this show comes from Ping Identity, champions of identity for the 
global enterprise. Give your users a loveable login solution. Visit 
www.pingidentity.com/. View all active sponsors."
104,104: Arya,https://darknetdiaries.com/episode/104,4961,82.7,"Tue, 09 Nov 2021","Arya Ebrahami has had quite a personal relationship with darknet 
marketplaces. In this episode you’ll hear about his adventures on tor. 
Arya’s current project is https://lofi-defi.com. Sponsors Support for this 
show comes from Linode. Linode supplies you with virtual servers. Visit 
linode.com/darknet and get a special offer. Support for this show comes 
from Blinkist. They offer thousands of condensed non-fiction books, so you 
can get through books in about 15 minutes. Check out Blinkist.com/DARKNET 
to start your 7 day free trial and get 25% off when you sign up. View all 
active sponsors. Sources 
https://www.nbcwashington.com/news/local/27-arrested-in-prince-william-county-narcotics-investigation/58441/ 
https://patch.com/virginia/manassas/undercover-narcotics-operation-nets-27-arrrests-xanax-distribution-ring"
103,103: Cloud Hopper,https://darknetdiaries.com/episode/103,3325,55.4,"Tue, 26 Oct 2021","Fabio Viggiani is an incident responder. In this episode he talks about the 
story when one of his clients were breached. Sponsors Support for this 
show, and for stretched security teams, comes from SOC.OS. Too many 
security alerts means alert fatigue for under-resourced SecOps teams. 
Traditional tools aren’t solving the problem. SOC.OS is the lightweight, 
cost-effective, and low-maintenance solution for your team. Centralise, 
enrich, and correlate your security alerts into manageable, prioritised 
clusters. Get started with an extended 3-month free trial at 
https://socos.io/darknet. Support for this show comes from IT Pro TV. Get 
65 hours of free training by visiting ITPro.tv/darknet. And use promo code 
DARKNET. Sources 
 https://www.reuters.com/investigates/special-report/china-cyber-cloudhopper 
 https://www.reuters.com/article/us-china-cyber-cloudhopper-companies-exc-idUSKCN1TR1D4 
 https://www.fbi.gov/wanted/cyber/apt-10-group 
 https://www.youtube.com/watch?v=277A09ON7mY 
 https://www.wsj.com/articles/ghosts-in-the-clouds-inside-chinas-major-corporate-hack-11577729061 
 https://www.technologyreview.com/2018/12/20/239760/chinese-hackers-allegedly-stole-data-of-more-than-100000-us-navy-personnel/"
102,102: Money Maker,https://darknetdiaries.com/episode/102,4961,82.7,"Tue, 12 Oct 2021","Frank Bourassa had an idea. He was going to make money. Literally. Listen 
to the story of a master counterfeiter."
101,101: Lotería,https://darknetdiaries.com/episode/101,4432,73.9,"Tue, 28 Sep 2021","In 2014 the Puerto Rico Lottery was mysteriously losing money. Listen to 
this never before told story about what happened and who did it. Sponsors 
Support for this show comes from IT Pro TV. Get 65 hours of free training 
by visiting ITPro.tv/darknet. And use promo code DARKNET. Support for this 
show comes from Linode. Linode supplies you with virtual servers. Visit 
linode.com/darknet and get a special offer. Sources 
https://en.wikipedia.org/wiki/Puerto_Rico_Lottery 
https://www.justice.gov/usao-pr/pr/10-individuals-indicted-drug-trafficking-and-money-laundering 
https://www.dea.gov/press-releases/2014/07/22/caribbean-corridor-strike-force-arrests-10-individuals-indicted-drug 
https://casetext.com/case/united-states-v-delfin-robles-alvarez-7"
100,100: NSO,https://darknetdiaries.com/episode/100,4345,72.4,"Tue, 31 Aug 2021","The NSO Group creates a spyware called Pegasus which gives someone access 
to the data on a mobile phone. They sell this spyware to government 
agencies around the world. How is it used and what kind of company is the 
NSO Group? Thanks to John Scott-Railton and Citizen Lab for investigating 
this and sharing their research. Sponsors Support for this show comes from 
Detectify. Try their web vulnerability scanner free. Go to 
https://detectify.com/?utm_source=podcast&utm_medium=referral&utm_campaign=DARKNET 
Support for this show comes from Ping Identity, champions of identity for 
the global enterprise. Give your users a loveable login solution. Visit 
www.pingidentity.com/. Support for this show comes from Blinkist. They 
offer thousands of condensed non-fiction books, so you can get through 
books in about 15 minutes. Check out Blinkist.com/DARKNET to start your 7 
day free trial and get 25% off when you sign up. For a full list of sources 
used in this episode and complete transcripts visit 
https://darknetdiaries.com."
99,99: The Spy,https://darknetdiaries.com/episode/99,4474,74.6,"Tue, 17 Aug 2021","Igor works as a private investigator in NYC. He’s often sitting in cars 
keeping a distant eye on someone with binoculars. Or following someone 
through the busy streets of New York. In this episode we hear about a time 
when Igor was on a case but sensed that something wasn’t right. Sponsors 
Support for this show comes from Exabeam. Exabeam lets security teams see 
what traditional tools can’t, with automated threat detection and triage, 
complete visibility across the entire IT environment and advanced 
behavioral analytics that distinguishes real threats from perceived ones, 
so security teams stay ahead and businesses keep moving — without fear of 
the unknown. When the security odds are stacked against you, outsmart them 
from the start with Exabeam. Learn more at https://exabeam.com/DD. Support 
for this show comes from Blinkist. They offer thousands of condensed 
non-fiction books, so you can get through books in about 15 minutes. Check 
out Blinkist.com/DARKNET to start your 7 day free trial and get 25% off 
when you sign up. View all active sponsors. Sources Article: The Case of 
the Bumbling Spy Podcast: The Catch and Kill Podcast with Ronan Farrow"
98,98: Zero Day Brokers,https://darknetdiaries.com/episode/98,3193,53.2,"Tue, 03 Aug 2021","Zero day brokers are people who make or sell malware that’s sold to people 
who will use that malware to exploit people. It’s a strange and mysterious 
world that not many people know a lot about. Nicole Perlroth, who is a 
cybersecurity reporter for the NY Times, dove in head first which resulted 
in her writing a whole book on it. Affiliate link for book: This is How 
They Tell Me The World Ends 
(https://www.amazon.com/gp/product/1635576059/ref=as_li_tl?ie=UTF8&camp=1789&creative=9325&creativeASIN=1635576059&linkCode=as2&tag=tunn01-20&linkId=0aa8c966d98b49a7927bfc29aac76bbe) 
Audiobook deal: Try Audible Premium Plus and Get Up to Two Free Audiobooks 
(https://www.amazon.com/Audible-Free-Trial-Digital-Membership/dp/B00NB86OYE/?ref_=assoc_tag_ph_1485906643682&_encoding=UTF8&camp=1789&creative=9325&linkCode=pf4&tag=tunn01-20&linkId=31042b955d5e6d639488dc084711d033) 
Sponsors Support for this show comes from IT Pro TV. Get 65 hours of free 
training by visiting ITPro.tv/darknet. And use promo code DARKNET. Support 
for this show comes from Privacy.com. Privacy allows you to create 
anonymous debit cards instantly to use for online shopping. 
Visit privacy.com/darknet to get a special offer. View all active sponsors. 
Sources Nicole’s Book: This is How They Tell Me the World Ends 
https://www.nytimes.com/2013/01/31/technology/chinese-hackers-infiltrate-new-york-times-computers.html"
97,97: The Pizza Problem,https://darknetdiaries.com/episode/97,2899,48.3,"Tue, 20 Jul 2021","What if someone wanted to own your Instagram account? Not just control it, 
but make it totally theirs. This episode tells the story of how someone 
tried to steal an Instagram account from someone. Sponsors Support for this 
show comes from Linode. Linode supplies you with virtual servers. 
Visit linode.com/darknet and get a special offer. Support for this show 
comes from Blinkist. They offer thousands of condensed non-fiction books, 
so you can get through books in about 15 minutes. Check 
out Blinkist.com/DARKNET to start your 7 day free trial and get 25% off 
when you sign up. View all active sponsors. Sources Vid: The $5 Million 
Phone Hack "True Life Crime"
96,96: The Police Station Incident,https://darknetdiaries.com/episode/96,3386,56.4,"Tue, 06 Jul 2021","Nicole Beckwith wears a lot of hats. She’s a programmer, incident 
responder, but also a cop and a task force officer with the Secret Service. 
In this episode she tells a story which involves all of these roles. 
https://twitter.com/NicoleBeckwith Sponsors Support for this show comes 
from IT Pro TV. Get 65 hours of free training by visiting ITPro.tv/darknet. 
And use promo code DARKNET. Support for this show comes from Exabeam. 
Exabeam lets security teams see what traditional tools can’t, with 
automated threat detection and triage, complete visibility across the 
entire IT environment and advanced behavioral analytics that distinguishes 
real threats from perceived ones, so security teams stay ahead and 
businesses keep moving — without fear of the unknown. When the security 
odds are stacked against you, outsmart them from the start with Exabeam. 
Learn more at https://exabeam.com/DD. View all active sponsors. Sources 
https://www.secjuice.com/unusual-journeys-nicole-beckwith/ Talk from 
Nicole: Mind Hacks – Psychological profiling, and mental health in OSINT 
investigations Talk from Nicole: Who’s guarding the gateway?"
95,95: Jon & Brian's Big Adventure,https://darknetdiaries.com/episode/95,4631,77.2,"Tue, 22 Jun 2021","Jon and Brian are penetration testers who both worked at a place 
called RedTeam Security. They’re paid to break into buildings and hack into 
networks to test the security of those buildings. In this episode they 
bring us a story of how they prepare and execute a mission like this. But 
even with all the preparation, something still goes terribly wrong. 
Sponsors Support for this show comes from IT Pro TV. Get 65 hours of free 
training by visiting ITPro.tv/darknet. And use promo code DARKNET. Support 
for this show comes from Ping Identity, champions of identity for the 
global enterprise. Give your users a loveable login solution. 
Visit www.pingidentity.com/. View all active sponsors. Sources Video: Jon 
and Brian on ABC Nightline Video: RedTeam Security breaks into a power 
station https://www.redteamsecure.com/"
94,94: Mariposa,https://darknetdiaries.com/episode/94,2828,47.1,"Tue, 08 Jun 2021","Chris Davis has been stopping IT security threats for decades. He’s 
currently running the company Hyas that he started. In this episode he 
tells a few tales of some threats that he helped stop. Sponsors Support for 
this show comes from Exabeam. Exabeam lets security teams see what 
traditional tools can’t, with automated threat detection and triage, 
complete visibility across the entire IT environment and advanced 
behavioral analytics that distinguishes real threats from perceived ones, 
so security teams stay ahead and businesses keep moving — without fear of 
the unknown. Learn more by visiting exabeam.com/dd. Support for this show 
comes from Blinkist. They offer thousands of condensed non-fiction books, 
so you can get through books in about 15 minutes. Check 
out Blinkist.com/DARKNET to start your 7 day free trial and get 25% off 
when you sign up. View all active sponsors. Sources 
https://www.zdnet.com/article/hacker-curador-pleads-guilty-to-credit-card-theft/ 
https://www.pbs.org/wgbh/pages/frontline/shows/hackers/ 
https://archive.org/details/frontline_202009/Frontline-+Hackers/VIDEO_TS/VTS_01_1.VOB 
https://defintel.com/docs/Mariposa_Analysis.pdf 
https://krebsonsecurity.com/2020/03/french-firms-rocked-by-kasbah-hacker/"
93,93: Kik,https://darknetdiaries.com/episode/93,5698,95.0,"Tue, 25 May 2021","Kik is a wildly popular chat app. Their website says that 1 in 3 American 
teenagers use Kik. But something dark is brewing on Kik."
92,92: The Pirate Bay,https://darknetdiaries.com/episode/92,6416,106.9,"Tue, 11 May 2021","The Pirate Bay is a website, a search engine, which has an index of torrent 
files. A lot of copyrighted material is listed on the site, but the site 
doesn’t store any of the copyrighted material. It just points the user to 
where you can download it from. So for a while The Pirate Bay has been the 
largest places you can find pirated movies, music, games, and apps. But 
this site first came up 2003. And is still up and operation now, 18 years 
later! You would think someone would shut this place down by now. How does 
the biggest source for copyrighted material stay up and online for that 
long? Listen to this episode to find out. Sponsors Support for this show 
comes from Linode. Linode supplies you with virtual servers. 
Visit linode.com/darknet and get a special offer. Support for this show 
comes from Blinkist. They offer thousands of condensed non-fiction books, 
so you can get through books in about 15 minutes. Check 
out Blinkist.com/DARKNET to start your 7 day free trial and get 25% off 
when you sign up. View all active sponsors."
91,91: webjedi,https://darknetdiaries.com/episode/91,3592,59.9,"Tue, 27 Apr 2021","What happens when an unauthorized intruder gets into the network of a major 
bank? Amelie Koran aka webjedi was there for one of these intrusions and 
tells us the story of what happened. You can find more talks from Amélie at 
her website webjedi.net. Sponsors Support for this show comes from IT Pro 
TV. Get 65 hours of free training by visiting ITPro.tv/darknet. And use 
promo code DARKNET25. This podcast is sponsored by Navisite. Accelerate IT 
transformation to respond to new demands, lower costs and prepare for 
whatever comes next. Visit Navisite.com/go. View all active sponsors. 
Sources https://www.foxnews.com/story/0,2933,435681,00.html 
https://w2.darkreading.com/risk-management/world-bank-(allegedly)-hacked/d/d-id/1072857 
https://www.washingtonpost.com/nation/2020/05/18/missionary-pilot-death-coronavirus/ 
https://webjedi.net/ CLAIM=8f61b1a2cab60fab354cc5b111ea154705b363d3=CLAIM"
90,90: Jenny,https://darknetdiaries.com/episode/90,4337,72.3,"Tue, 13 Apr 2021","Meet Jenny Radcliffe, the People Hacker. She’s a social engineer and 
physical penetration tester. Which means she gets paid to break into 
buildings and test their security. In this episode she tells us a few 
stories of some penetration testing jobs she’s done. Sponsors Support for 
this show comes from Blinkist. They offer thousands of condensed 
non-fiction books, so you can get through books in about 15 minutes. Check 
out Blinkist.com/DARKNET to start your 7 day free trial and get 25% off 
when you sign up. This podcast is sponsored by Navisite. Accelerate IT 
transformation to respond to new demands, lower costs and prepare for 
whatever comes next. Visit Navisite.com/go. View all active sponsors. 
Sources humanfactorsecurity.co.uk"
89,89: Cybereason - Molerats in the Cloud,https://darknetdiaries.com/episode/89,3575,59.6,"Tue, 06 Apr 2021","The threat research team at Cybereason uncovered an interesting piece of 
malware. Studied it and tracked it. Which lead them to believe they were 
dealing with a threat actor known as Molerats.  Sponsors This episode is 
sponsored by Cybereason. Cybereason reverses the attacker’s advantage and 
puts the power back in your hands. Their future-ready attack platform gives 
defenders the wisdom to uncover, understand, and piece together multiple 
threats. And the precision focus to end cyberattacks instantly – on 
computers, mobile devices, servers, and the cloud. They do all this through 
a variety of tools they’ve developed such as antivirus software, endpoint 
monitoring, and mobile threat detection tools. They can give you the power 
to do it yourself, or they can do all the monitoring and respond to threats 
in your environment for you. Or you can call them after an incident to get 
help cleaning up. If you want to monitor your network for threats, check 
out what Cybereason can do for you. Cybereason. End cyber attacks. From 
endpoints to everywhere. Learn more at Cybereason.com/darknet. View all 
active sponsors. Sources 
https://www.cybereason.com/hubfs/dam/collateral/reports/Molerats-in-the-Cloud-New-Malware-Arsenal-Abuses-Cloud-Platforms-in-Middle-East-Espionage-Campaign.pdf 
https://malpedia.caad.fkie.fraunhofer.de/actor/molerats 
https://www.fireeye.com/blog/threat-research/2013/08/operation-molerats-middle-east-cyber-attacks-using-poison-ivy.html"
88,88: Victor,https://darknetdiaries.com/episode/88,2734,45.6,"Tue, 30 Mar 2021","Victor looks for vulnerabilities on the web and reports them responsibly. 
This is the story about discloser number 5780. Listen to episodes 86, and 
87 before this one to be caught up on the story leading up to this. 
Sponsors This podcast is sponsored by Navisite. Accelerate IT 
transformation to respond to new demands, lower costs and prepare for 
whatever comes next. Visit Navisite.com/go. This podcast is sponsored by 
the JSCM Group. They have a service called ClosedPort: Scan, and it’s is a 
monthly Penetration Test performed by Cyber Security Experts. Contact JSCM 
Group today at jscmgroup.com/darknet. Support for this show comes from IT 
Pro TV. Get 65 hours of free training by visiting ITPro.tv/darknet. And use 
promo code DARKNET25."
87,87: Guild of the Grumpy Old Hackers,https://darknetdiaries.com/episode/87,3053,50.9,"Tue, 16 Mar 2021","In 2016 the LinkedIn breach data became available to the public. What the 
Guild of the Grumpy Old Hackers did with it then is quite the story. Listen 
to Victor, Edwin, and Mattijs tell their story. Sponsors Support for this 
show comes from Blinkist. They offer thousands of condensed non-fiction 
books, so you can get through books in about 15 minutes. Check 
out Blinkist.com/DARKNET to start your 7 day free trial and get 25% off 
when you sign up. Support for this show comes from Privacy.com. Privacy 
allows you to create anonymous debit cards instantly to use for online 
shopping. Visit privacy.com/darknet to get a special offer. View all active 
sponsors."
86,86: The LinkedIn Incident ,https://darknetdiaries.com/episode/86,3289,54.8,"Tue, 02 Mar 2021","In 2012, LinkedIn was the target of a data breach. A hacker got in and 
stole millions of user details. Username and password hashes were then sold 
to people willing to buy. This episode goes over the story of what 
happened. For a good password manager, check out LastPass. Sponsors Support 
for this episode comes from Quadrant Information Security. If you need a 
team of around the clock analysts to monitor for threat in your network 
using a custom SIEM, check out what Quadrant can do for you by 
visiting www.quadrantsec.com. Support for this show comes from Thinkst 
Canary. Their canaries attract malicious actors in your network and then 
send you an alert if someone tries to access them. Great early warning 
system for knowing when someone is snooping around where they shouldn’t be. 
Check them out at https://canary.tools. Support for this show comes 
from Linode. Linode supplies you with virtual servers. 
Visit linode.com/darknet and get a special offer."
85,85: Cam the Carder,https://darknetdiaries.com/episode/85,4774,79.6,"Tue, 16 Feb 2021","This is the story of Cam Harrison, aka “kilobit” and his rise and fall as a 
prominent carder. Sponsors Support for this show comes from IT Pro TV. Get 
65 hours of free training by visiting ITPro.tv/darknet. And use promo code 
DARKNET25. Support for this episode comes from Oracle for Startups. Oracle 
for Startups delivers enterprise cloud at a startup price tag, with free 
cloud credits and 70% off industry-leading cloud services to help you reel 
in the big fish—confidently. To learn more, visit Oracle.com/goto/darknet. 
View all active sponsors. Sources 
https://www.justice.gov/opa/pr/member-organized-cybercrime-ring-responsible-50-million-online-identity-theft-sentenced-115 
https://nakedsecurity.sophos.com/2014/11/14/carder-su-fraudster-jailed-for-9-years-and-ordered-to-pay-50-8m/ 
https://www.justice.gov/usao-nv/operation-open-market"
84,84: Jet-setters,https://darknetdiaries.com/episode/84,4520,75.3,"Tue, 02 Feb 2021","How bad is it if you post your boarding pass on Instagram? Our 
guest, “Alex” decides to figure this out for themself and has quite a story 
about what happened. You can read more from “Alex” on their 
blog https://mango.pdf.zone. We also hear from TProphet who’s here to give 
us some travel hacks to save tons on airfare when we start traveling again. 
You can learn more about TProphet’s travel hacks 
at https://seat31b.com or https://award.cat. Sponsors Support for this show 
comes from Blinkist. They offer thousands of condensed non-fiction books, 
so you can get through books in about 15 minutes. Check 
out Blinkist.com/DARKNET to start your 7 day free trial and get 25% off 
when you sign up. Support for this show comes from Tanium. With Tanium you 
can gain real-time security and operational data directly from your 
endpoints – along with the ability to take action on, and create reports 
from, that data – in just minutes, so that you and your teams can have the 
insight and capability necessary to accomplish the mission effectively. 
Learn more at https://federal.tanium.com. View all active sponsors. Sources 
https://mango.pdf.zone/finding-former-australian-prime-minister-tony-abbotts-passport-number-on-instagram 
https://seat31b.com https://award.cat"
83,83: NSA Cryptologists,https://darknetdiaries.com/episode/83,5156,85.9,"Tue, 19 Jan 2021","In this episode we interview two NSA Cryptologists, Marcus J. 
Carey and Jeff Man. We hear their story of how they got into the NSA and 
what they did while there. To hear more stories from Jeff tune into Paul’s 
Security Weekly where Jeff is a regular co-host and shares a lot of stories 
and insights. Marcus has written several books on security. They are Tribe 
of Hackers, Tribe of Hackers Blue Team, Tribe of Hackers Red Team, Tribe of 
Hackers Security Leaders, Think in Code, and a childrens book called Three 
Little Hackers. Also check out the Tribe of Hackers podcast to hear 
interviews with all these amazing people! Sponsors Support for this show 
comes from IT Pro TV. Get 65 hours of free training by 
visiting ITPro.tv/darknet. And use promo code DARKNET25. Support for this 
show comes from Linode. Linode supplies you with virtual servers. 
Visit linode.com/darknet and get a special offer. View all active sponsors."
82,82: Master of Pwn,https://darknetdiaries.com/episode/82,4044,67.4,"Tue, 05 Jan 2021","The Zero Day Initiative runs a hacker contest called Pwn2Own. The contest 
calls the best hackers in the world to demonstrate they can hack into 
software that should be secure. Like browsers, phones, and even cars. A lot 
of vulnerabilities are discovered from this event which means vendors must 
fix them. Whoever can demonstrate the most vulnerabilities will be crowned 
the “Master of Pwn”. Thanks to Dustin Childs and Brian Gorenc from ZDI to 
hear all about Pwn2Own. Thanks to Radek and Pedro for sharing their 
experiences of becoming the Masters of Pwn. Sponsors Support for this show 
comes from Blinkist. They offer thousands of condensed non-fiction books, 
so you can get through books in about 15 minutes. Check 
out Blinkist.com/DARKNET to start your 7 day free trial and get 25% off 
when you sign up. Support for this show comes from Kars 4 Kids. Donate your 
car today, this organization will sell to use for their charity. View all 
active sponsors. Sources 
https://www.forbes.com/profile/lee-junghoon/?sh=49ee055fc9c7 
https://www.cyberscoop.com/pwn2own-chinese-researchers-360-technologies-trend-micro/ 
https://twitter.com/BrendanEich/status/697889208380293120 
https://www.techtimes.com/articles/247111/20200130/google-bug-bounty-2019-became-the-highest-paid-google-hackers-reaching-6-5-million.htm"
81,81: The Vendor,https://darknetdiaries.com/episode/81,4859,81.0,"Tue, 22 Dec 2020","This is the story of a darknet marketplace vendor we’ll name V. V tells his 
story of how he first became a buyer, then transitioned into seller. This 
episode talks about drugs. Listener discretion is advised. If you want to 
contact V his email is at https://darknetdiaries.com/episode/81. Sponsors 
Support for this show comes from IT Pro TV. Get 65 hours of free training 
by visiting ITPro.tv/darknet. And use promo code DARKNET25. Support for 
this show comes from Linode. Linode supplies you with virtual servers. 
Visit linode.com/darknet and get a special offer."
80,80: The Whistleblower,https://darknetdiaries.com/episode/80,3190,53.2,"Tue, 08 Dec 2020","In this episode we hear a story from a social engineer who’s job it is to 
get people to do things they don’t want to do. Why? For profit. Sponsors 
Support for this episode comes from SentinelOne which can protect and 
assistwith ransomeware attacks. On top of that, SentinelOne offers threat 
hunting, visibility, and remote administration tools to manage and protect 
any IoT devices connected to your network. Go 
to SentinelOne.com/DarknetDiaries for your free demo. Your cybersecurity 
future starts today with SentinelOne. Support for this show comes 
from Thinkst Canary. Their canaries attract malicious actors in your 
network and then send you an alert if someone tries to access them. Great 
early warning system for knowing when someone is snooping around where they 
shouldn’t be. Check them out at https://canary.tools. Support for this show 
comes from Blinkist. They offer thousands of condensed non-fiction books, 
so you can get through books in about 15 minutes. Check 
out Blinkist.com/DARKNET to start your 7 day free trial and get 25% off 
when you sign up. View all active sponsors."
79,79: Dark Basin,https://darknetdiaries.com/episode/79,3498,58.3,"Tue, 24 Nov 2020","What do you do when you find yourself the target of a massive hacking 
campaign, and you are getting thousands of phishing emails and someone 
following you in your car. You might turn to Citizen Lab who has the 
ability to research who is behind this and help bring the hackers to 
justice. Our guests this episodes are Adam Hulcoop and John Scott-Railton 
of Citizen Lab. This episode also has an interview with Matthew Earl 
of Shadowfall. Sponsors Support for this show comes from LastPass by 
LogMeIn. LastPass is a great password manager but it can do so much more. 
It can setup 2FA for your company, or use it to monitor what your users are 
doing in the network. Visit LastPass.com/Darknet to start your 14 day free 
trial. Support for this show comes from Blinkist. They offer thousands of 
condensed non-fiction books, so you can get through books in about 15 
minutes. Check out Blinkist.com/DARKNET to start your 7 day free trial and 
get 25% off when you sign up."
78,78: Nerdcore,https://darknetdiaries.com/episode/78,4868,81.1,"Tue, 10 Nov 2020","Nerdcore music is music for nerds. In this episode we hear from some of the 
musicians who make Nerdcore music. This episode features 
guests ytcracker, Ohm-I, and Dual Core. Content warning: This episode has 
explicit lyrics. Music For a playlist of music used in this episode visit 
darknetdiaries.com/episode/78. Sponsors Support for this show comes from IT 
Pro TV. Get 65 hours of free training by visiting ITPro.tv/darknet. And use 
promo code DARKNET25. Support for this show comes from Blinkist. They offer 
thousands of condensed non-fiction books, so you can get through books in 
about 15 minutes. Check out Blinkist.com/DARKNET to start your 7 day free 
trial and get 25% off when you sign up."
77,77: Olympic Destroyer,https://darknetdiaries.com/episode/77,3002,50.0,"Tue, 27 Oct 2020","In February 2018, during the Winter Olympics in Pyeongchang South Korea, a 
cyber attack struck, wiping out a lot of the Olympic’s digital 
infrastructure. Teams rushed to get things back up, but it was bad. Malware 
had repeatedly wiped the domain controllers rendering a lot of the network 
unusable. Who would do such a thing? We will talk with Andy Greenberg to 
discuss Olympic Destroyer, a chapter from his book Sandworm (affiliate 
link). Sponsors Support for this show comes from Linode. Linode supplies 
you with virtual servers. Visit linode.com/darknet and get a special offer. 
Support for this show comes from Blinkist. They offer thousands of 
condensed non-fiction books, so you can get through books in about 15 
minutes. Check out Blinkist.com/DARKNET to start your 7 day free trial and 
get 25% off when you sign up."
76,76: Knaves Out,https://darknetdiaries.com/episode/76,5312,88.5,"Tue, 13 Oct 2020","This is the story about how someone hacked into JP Morgan Chase, one of the 
biggest financial institutions in the world. It’s obvious why someone would 
want to break into a bank right? Well the people who hacked into this bank, 
did not do it for obvious reasons. The hackers are best described as 
knaves. Which are tricky, deceitful fellows. Sponsors Support for this show 
comes from LastPass by LogMeIn. LastPass is a great password manager but it 
can do so much more. It can setup 2FA for your company, or use it to 
monitor what your users are doing in the network. 
Visit LastPass.com/Darknet to start your 14 day free trial. Support for 
this episode comes from SentinelOne which can protect and assistwith 
ransomeware attacks. On top of that, SentinelOne offers threat hunting, 
visibility, and remote administration tools to manage and protect any IoT 
devices connected to your network. Go to SentinelOne.com/DarknetDiaries for 
your free demo. Your cybersecurity future starts today with SentinelOne. 
Support for this show comes from IT Pro TV. Get 65 hours of free training 
by visiting ITPro.tv/darknet. And use promo code DARKNET25. For a complete 
list of sources and a full transcript of the show visit 
darknetdiaries.com/episode/76."
75,75: Compromised Comms,https://darknetdiaries.com/episode/75,2227,37.1,"Tue, 29 Sep 2020","From 2009 to 2013 the communication channels the CIA uses to contact assets 
in foreign countries was compromised. This had terrifying consequences. 
Guests this episodes are Jenna McLaughlin and Zach Dorfman. Sponsors This 
episode was sponsored by IT Pro TV. Get 65 hours of free training by 
visiting ITPro.tv/darknet. And use promo code DARKNET25. This episode was 
sponsored by Thinkst Canary. Their canaries attract malicious actors in 
your network and then send you an alert if someone tries to access them. 
Great early warning system for knowing when someone is snooping around 
where they shouldn’t be. Check them out at https://canary.tools. View all 
active sponsors. Sources 
https://finance.yahoo.com/news/cias-communications-suffered-catastrophic-compromise-started-iran-090018710.html 
Video: Fostering Bipartisanship in Intelligence Oversight CNAS2019 
https://www.mcclatchydc.com/news/nation-world/national/article28348576.html 
https://foreignpolicy.com/2018/08/15/botched-cia-communications-system-helped-blow-cover-chinese-agents-intelligence/ 
https://www.nytimes.com/2017/05/20/world/asia/china-cia-spies-espionage.html 
https://www.nytimes.com/2018/01/17/world/asia/jerry-lee-cia-china-mole-hunt-suspect.html 
https://news.yahoo.com/cia-fix-communications-system-left-trail-dead-agents-remains-elusive-100046908.html 
https://www.washingtonpost.com/archive/sports/1988/03/21/cuban-defector-impeaches-cia-spies/10cec17c-076b-4867-96c5-628b8435a852/ 
https://en.wikipedia.org/wiki/Aldrich_Ames Attribution Darknet Diaries is 
created by Jack Rhysider. Research assistance this episode from Yael Grauer."
74,74: Mikko,https://darknetdiaries.com/episode/74,4371,72.9,"Tue, 15 Sep 2020","Poker is a competitive game. Unlike other casino games, poker is player vs 
player. Criminal hackers have understood this for a while and sometimes 
hack the other players to get an edge. And that small edge can result in 
millions of dollars in winnings. This episode contains a story from Mikko 
Hypponen of F-Secure. We also interview Mikko to know more about him and 
the history of malware. Sponsors This episode was sponsored by IT Pro TV. 
Get 65 hours of free training by visiting ITPro.tv/darknet. And use promo 
code DARKNET25. This episode was sponsored by Thinkst Canary. Their 
canaries attract malicious actors in your network and then send you an 
alert if someone tries to access them. Great early warning system for 
knowing when someone is snooping around where they shouldn’t be. Check them 
out at https://canary.tools. Sources 
https://www.cardplayer.com/poker-news/18318-wsop-bracelet-winner-jailed-for-web-poker-cheating 
https://forumserver.twoplustwo.com/29/news-views-gossip/my-unbelievable-ept-barcelona-story-hotel-rooms-arts-barcelona-broken-into-plant-trojans-1369171/ 
Mikko’s research on bypassing hotel room keys 
https://archive.f-secure.com/weblog/archives/00002647.html 
https://pokerfuse.com/news/live-and-online/more-stories-of-tampered-laptops-emerge-in-wake-of-ept-barcelona-scam-24-09/ 
https://forumserver.twoplustwo.com/showpost.php?p=40050535&postcount=410 
https://forumserver.twoplustwo.com/showpost.php?p=40099537&postcount=794 
https://igaming.org/poker/news/danish-former-high-stakes-pro-reported-to-police-for-massive-fraud-1602/ 
https://nyheder.tv2.dk/krimi/2019-12-02-dansk-pokerspiller-far-konfiskeret-26-millioner-kroner 
https://www.flushdraw.net/news/peter-jepsen-verdict-a-mixed-victory-for-poker-justice/ 
https://www.bankrollmob.com/poker-news/2019123/danish-poker-pro-sentenced-jail-cheating-others-online-poker 
Video: Peter Jepsen talks about an attempted hack on him 
https://www.sijoitustieto.fi/comment/29593#comment-29593 
https://forumserver.twoplustwo.com/29/news-views-gossip/sad-conclusion-my-barcelona-incident-1397551/ 
Video: Brain Searching for the first PC virus in Pakistan 
https://archive.org/details/malwaremuseum"
73,73: WannaCry,https://darknetdiaries.com/episode/73,2811,46.9,"Tue, 01 Sep 2020","It is recommend to listen to episodes 53 “Shadow Brokers”, 71 “FDFF”, 
and 72 “Bangladesh Bank Heist” before listening to this one. In May 2017 
the world fell victim to a major ransomware attack known as WannaCry. One 
of the victims was UK’s national health service. Security researchers 
scrambled to try to figure out how to stop it and who was behind it. Thank 
you to John Hultquist from FireEye and thank you to Matt Suiche founder 
of Comae. Sponsors Support for this episode comes from LastPass. LastPass 
is a great password manager but it can do so much more. It can setup 2FA 
for your company, or use it to monitor what your users are doing in the 
network. Visit LastPass.com/Darknet to start your 14 day free trial. This 
episode was sponsored by Linode. Linode supplies you with virtual servers. 
Visit linode.com/darknet and when signing up with a new account use code 
darknet2020 to get a $20 credit on your next project."
72,72: Bangladesh Bank Heist,https://darknetdiaries.com/episode/72,2387,39.8,"Tue, 18 Aug 2020","A bank robbery with the objective to steal 1 billion dollars. This is the 
story of the largest bank robbery in history. And it was all done over a 
computer. Our guest this episode was Geoff White. Learn more about him 
at geoffwhite.tech. Check out Geoff’s new book Crime Dot Com. Affiliate 
link: 
https://www.amazon.com/gp/product/1789142857/ref=as_li_tl?ie=UTF8&camp=1789&creative=9325&creativeASIN=1789142857&linkCode=as2&tag=darknet04-20&linkId=bb5a6aa7ba980183e0ce7cee1939ea05 
Sponsors This episode was sponsored by IT Pro TV. Get 65 hours of free 
training by visiting ITPro.tv/darknet. And use promo code DARKNET25. 
Support for this episode comes from Blinkist. They offer thousands of 
condensed non-fiction books, so you can get through books in about 15 
minutes. Check out Blinkist.com/DARKNET to start your 7 day free trial and 
get 25% off when you sign up."
71,71: Information Monopoly,https://darknetdiaries.com/episode/71,4210,70.2,"Tue, 04 Aug 2020","In this episode, we’re going into the depths of North Korea to conduct one 
of the greatest hacks of all time. To find a way to inject information into 
a country run by totalitarian regime. A big thanks to Yeonmi Park for 
sharing her story with us. Also thanks to Alex Gladstein for telling us the 
inside story. You can find more about Flash Drive For Freedom 
at flashdrivesforfreedom.org. Yeonmi’s book ""In Order to Live"": 
https://www.amazon.com/gp/product/014310974X/ref=as_li_tl?ie=UTF8&camp=1789&creative=9325&creativeASIN=014310974X&linkCode=as2&tag=darknet04-20&linkId=88ebdc087c6ce041105c479b1bb6c3d2 
Sponsors This episode was sponsored by IT Pro TV. Get 65 hours of free 
training by visiting ITPro.tv/darknet. And use promo code DARKNET25. 
Support for this episode comes from Blinkist. They offer thousands of 
condensed non-fiction books, so you can get through books in about 15 
minutes. Check out Blinkist.com/DARKNET to start your 7 day free trial and 
get 25% off when you sign up."
70,70: Ghost Exodus,https://darknetdiaries.com/episode/70,3511,58.5,"Tue, 21 Jul 2020","Ghost Exodus is a hacker. He conducted various illegal activities online. 
Some of which he documents on YouTube. He’s also a great musician. He got 
into some trouble from his hacking. This is his story. A big thanks 
to Ghost Exodus for sharing his story with us. Also thanks to Wesley 
McGrew for telling us the inside story. Sponsors This episode was sponsored 
by IT Pro TV. Get 65 hours of free training by visiting ITPro.tv/darknet. 
And use promo code DARKNET25. Support for this episode comes from Blinkist. 
They offer thousands of condensed non-fiction books, so you can get through 
books in about 15 minutes. Check out Blinkist.com/DARKNET to start your 7 
day free trial and get 25% off when you sign up. This episode was sponsored 
by Detectify. What vulnerabilities will their crowdsource-powered web 
vulnerability scanner detect in your web applications? Find out with a 
14-day free trial. Go to https://detectify.com/Darknet Sources 
https://www.pcworld.com/article/167756/article.html 
https://archives.fbi.gov/archives/dallas/press-releases/2011/dl031811.htm"
69,69: Human Hacker,https://darknetdiaries.com/episode/69,4064,67.7,"Tue, 07 Jul 2020","We all know that computers and networks are vulnerable to hacking and 
malicious actors, but what about us, the humans who interface with these 
devices? Con games, scams, and strategic deception are far older than 
computers, and in the modern era, these techniques can make humans the 
weakest link in even the most secure system. This episode, security 
consultant and master social engineer, Christopher Hadnagy, joins us to 
share his stories and wisdom. He describes what it was like to be a social 
engineer before the world knew what social engineering was and tells some 
of his amazing stories from his long career in penetration testing. A big 
thanks to Christopher Hadnagy from social-engineer.org for sharing his 
stories with us. Check out his book Social Engineering: The Science of 
Human Hacking, affiliate link here. Check out his podcast called The 
Social-Engineer podcast. Sponsors This episode was sponsored by Thinkst 
Canary. Their canaries attract malicious actors in your network and then 
send you an alert if someone tries to access them. Great early warning 
system for knowing when someone is snooping around where they shouldn’t be. 
Check them out at https://canary.tools. Support for this episode comes 
from LastPass. LastPass is a great password manager but it can do so much 
more. It can setup 2FA for your company, or use it to monitor what your 
users are doing in the network. Visit LastPass.com/Darknet to start your 14 
day free trial. Sources https://www.social-engineer.org/ How phishing 
scammers manipulate your amygdala and oxytocin TEDxFultonStreet DEF CON 22 
- Chris Hadnagy - What Your Body Tells Me - Body Language for the SE 
https://en.wikipedia.org/wiki/George_C._Parker Book Recommendations with 
affiliate links: Social Engineering Influence What Every Body is Saying 
Emotions Revealed Presence It’s Not About “Me”, Top 10 Techniques for 
Building Rapport"
68,68: Triton,https://darknetdiaries.com/episode/68,4529,75.5,"Tue, 23 Jun 2020","A mysterious mechanical failure one fateful night in a Saudi Arabian 
chemical plant leads a cast of operational technology researchers down a 
strange path towards an uncommon, but grave, threat. In this episode, we 
hear how these researchers discovered this threat and tried to identify who 
was responsible for the malware behind it. We also consider how this kind 
of attack may pose a threat to human life wherever there are manufacturing 
or public infrastructure facilities around the world. A big thanks 
to Julian Gutmanis, Naser Aldossary, Marina Krotofil, and Robert M. Lee for 
sharing their stories with us. Sponsors This episode was sponsored by IT 
Pro TV. Get 65 hours of free training by visiting ITPro.tv/darknet. And use 
promo code DARKNET25. This episode was sponsored by Linode. Linode supplies 
you with virtual servers. Visit linode.com/darknet and when signing up with 
a new account use code darknet2020 to get a $20 credit on your next 
project. Sources 
https://www.fireeye.com/blog/threat-research/2019/04/triton-actor-ttp-profile-custom-attack-tools-detections.html 
https://www.fireeye.com/blog/threat-research/2017/12/attackers-deploy-new-ics-attack-framework-triton.html 
https://www.fireeye.com/blog/threat-research/2018/10/triton-attribution-russian-government-owned-lab-most-likely-built-tools.html 
https://dragos.com/wp-content/uploads/TRISIS-01.pdf Video S4 TRITON - 
Schneider Electric Analysis and Disclosure Video S4 TRITON - Mandiant 
Analysis at S4x18 Video S4 TRITON - Reverse Engineering the Tricon 
Controller by Dragos Video S4 TRITON - A Report From The Trenches Video - 
Safety Orientation video for the Chemical Plant"
67,67: The Big House,https://darknetdiaries.com/episode/67,2634,43.9,"Tue, 09 Jun 2020","John Strand is a penetration tester. He’s paid to break into computer 
networks and buildings to test their security. In this episode we listen to 
stories he has from doing this type of work. Thanks to John Strand for 
coming on the show and telling your story. Sponsors Support for this 
episode comes from LastPass. LastPass is a great password manager but it 
can do so much more. It can setup 2FA for your company, or use it to 
monitor what your users are doing in the network. 
Visit LastPass.com/Darknet to start your 14 day free trial. Support for 
this episode comes from Blinkist. They offer thousands of condensed 
non-fiction books, so you can get through books in about 15 minutes. Check 
out Blinkist.com/DARKNET to start your 7 day free trial and get 25% off 
when you sign up. Sources How a Hacker’s Mom Broke Into a Prison—and the 
Warden’s Computer Video: How not to suck at pen testing John Strand Video: 
I Had My Mom Break Into Prison"
66,66: freakyclown,https://darknetdiaries.com/episode/66,3347,55.8,"Tue, 26 May 2020","Freakyclown is a physical penetration tester. His job is to break into 
buildings to test the security of the building. In this episode we hear 
stories of some of these missions he’s been on. Thanks to Freakyclown for 
coming on the show and telling your story. Sponsors This episode was 
sponsored by IT Pro TV. Get 65 hours of free training by 
visiting ITPro.tv/darknet. And use promo code DARKNET25. This episode was 
sponsored by Molekule, a new air purifier that completely destroys air 
pollutants to help you breath easier. https://molekule.com."
65,65: PSYOP,https://darknetdiaries.com/episode/65,4495,74.9,"Tue, 12 May 2020","PSYOP, or “Psychological Operations”, is something the US military has been 
doing to foreign audiences for decades. But what exactly is it? And what’s 
the difference between white, gray, and black PSYOP missions? We talk to 
PSYOP specialists to learn more. Thanks to Jon Nichols for telling us about 
this fascinating world. Sponsors Support for this episode comes 
from LastPass. LastPass is a great password manager but it can do so much 
more. It can setup 2FA for your company, or use it to monitor what your 
users are doing in the network. Visit LastPass.com/Darknet to start your 14 
day free trial. Support for this episode comes from Blinkist. They offer 
thousands of condensed non-fiction books, so you can get through books in 
about 15 minutes. Check out Blinkist.com/DARKNET to start your 7 day free 
trial and get 25% off when you sign up. Sources 
https://www.democracynow.org/2006/3/24/the_psyops_war_a_look_at 
https://en.wikipedia.org/wiki/Lincoln_Group 
https://www.goarmy.com/careers-and-jobs/special-operations/psyop/psyop-mission.html# 
https://en.wikipedia.org/wiki/Operation_Wandering_Soul_(Vietnam_War) 
https://en.wikipedia.org/wiki/Torches_of_Freedom 
http://cgsc.contentdm.oclc.org/cdm/ref/collection/p16040coll3/id/182 
https://archive.org/details/PropagandaAudiobook/Propaganda+Chapter+01.mp3 
https://www.newsweek.com/us-military-gets-mysterious-and-false-text-message-evacuate-korean-peninsula-669875 
https://www.cbinsights.com/research/future-of-information-warfare/ 
https://en.wikipedia.org/wiki/National_Defense_Authorization_Act_for_Fiscal_Year_2013#Smith%E2%80%93Mundt_Modernization_Act_of_2012 
Videos Vietnam War Ghost Audio Tape used in PSYOPS ‘Wandering Soul’ Jon 
Nichols Part 0 - Unallocated Spaces Talk on Russian Propaganda 
Cyber-Influence: Cyberwar and Psychological Operations WWII Psych Ops MISO 
Marines broadcast important information to Afghans The War You Don’t See 
Edward L. Bernays interview, 1986-10-23 As it fights two wars, the Pentagon 
is steadily and dramatically increasing money spent on propaganda"
64,64: The Athens Shadow Games,https://darknetdiaries.com/episode/64,4664,77.7,"Tue, 28 Apr 2020","Vodafone Greece is the largest telecom provider in Greece. But in 2004 a 
scandal within the company would pin them to be top of the news cycle in 
Greece for weeks. Hackers got in the network. And what they were after took 
everyone by surprise. Sponsors Support for this episode comes from Okta. 
Learn more about how you can improve your security posture with the leader 
in identity-driven security at okta.com/darknet. This episode is supported 
by PlexTrac. PlexTrac is the purple teaming platform and is designed to 
streamline reporting, tracking and attestation so you can focus on getting 
the real cybersecurity work done. Whether you're creating pen test reports 
on the red team, or tracking and remediating on the blue team, PlexTrac can 
help. Support for this episode comes from Blinkist. They offer thousands of 
condensed non-fiction books, so you can get through books in about 15 
minutes. Check out Blinkist.com/DARKNET to start your 7 day free trial and 
get 25% off when you sign up."
63,63: w0rmer,https://darknetdiaries.com/episode/63,3535,58.9,"Tue, 14 Apr 2020","The hacker named w0rmer was active within AnonOps. These are Anonymous 
Operations which often organize and wage attacks on websites or people 
often with the purpose of social justice. Eventually w0rmer joined in on 
some of these hacking escapades which resulted in an incredible story that 
he will one day tell his kids. Thanks to w0rmer for telling us your story. 
Sponsors This episode was sponsored by IT Pro TV. Get 65 hours of free 
training by visiting ITPro.tv/darknet. And use promo code DARKNET25. 
Support for this episode comes from LastPass. LastPass is a great password 
manager but it can do so much more. It can setup 2FA for your company, or 
use it to monitor what your users are doing in the network. Visit 
LastPass.com/Darknet to start your 14 day free trial. SourcesArchived 
Tweets Feb 7, 2012 Twitter user @Anonw0rmer posts “@MissAnonFatale I 
managed to pwn1 a site , get my papers , find my required primary IDS , 
yeah baby, i deservers em :)” Feb 8, 2012 1:17 AM, Twitter user @Anonw0rmer 
posted, “ROFL! WaS that us? 
https://www.wvgazettemail.com/news/legal_affairs/hackers-group-posts-police-chiefs-information-online/article_77f79fd5-f76f-5825-ae19-43a398361fdf.html 
o yeah oops #OpPigRoast #CabinCr3w” Feb 9, 2012 12:35 AM, Twitter user 
@Anonw0rmer posted, “DB Leak http://dps.alabama.gov 
https://pastehtml.com/view/bnik8yo1q.html”. The bottom of this post 
originally showed this NSFW image. Feb 9, 2012 at 8:42 PM, Twitter user 
@Anonw0rmer posted, “Mobile Alabama Police Criminal Record Database Logins 
Failing To Protect And Serve I Via @ItsKahuna I 
http://pastehtml.com/view/bnmjxxgfp.html #OpPiggyBank.” Feb 9, 2012 at 8:39 
PM, Twitter user @CabinCr3w posted, “Texas Dept. of safety Hacked By 
@AnonWOrmer for #OpPiggyBank http://bit.ly/x1KH5Y #CabinCr3w #Anonymous” 
Bottom of pastebin also shows a woman holding a sign saying “We Are ALL 
Anonymous We NEVER Forgive. We NEVER Forget. <3 @Anonw0rmer” Feb 10, 2012 
at 9:07 PM, Twitter user @Anonw0rmer posted, “My baby SETS standards ! wAt 
U got? https://i.imgur.com/FbH2K.jpg https://i.imgur.com/zsPvm.jpg 
https://i.imgur.com/S2S2C.jpg https://i.imgur.com/TVqdN.jpg #CabinCr3w”. 
Links Criminal Complaint - United States Western District Court of Texas 
https://gizmodo.com/these-breasts-nailed-a-hacker-for-the-fbi-5901430 
https://www.tomsguide.com/us/Anonymous-CabinCr3w-w0rmer-Ochoa-Australia,news-14803.html"
62,62: Cam,https://darknetdiaries.com/episode/62,3836,63.9,"Tue, 31 Mar 2020","Cam’s story is both a cautionary tale and inspirational at the same time. 
He’s been both an attacker and defender. And not the legal kind of 
attacker. He has caused half a million dollars in damages with his attacks. 
Attacks that arose from a feeling of seeing injustices in the world. Listen 
to his story. Sponsors This episode was sponsored by Linode. Linode 
supplies you with virtual servers. Visit linode.com/darknet and when 
signing up with a new account use code darknet2020 to get a $20 credit on 
your next project. Support for this episode comes from Blinkist. They offer 
thousands of condensed non-fiction books, so you can get through books in 
about 15 minutes. Check out Blinkist.com/DARKNET to start your 7 day free 
trial and get 25% off when you sign up. Sources BBC: The teenage hackers 
who’ve been given a second chance 
https://www.bbc.com/news/av/technology-40655656/uk-s-first-boot-camp-hopes-to-reform-teenage-hackers 
https://www.ncsc.gov.uk/ https://www.csa.limited/ 
https://www.tripwire.com/state-of-security/latest-security-news/teenager-who-ddosed-governments-seaworld-receives-no-jail-time/ 
https://www.ncsc.gov.uk/section/education-skills/11-19-year-olds"
61,61: Samy,https://darknetdiaries.com/episode/61,3791,63.2,"Tue, 17 Mar 2020","Samy Kamkar is a hacker. And while he’s done a lot of stuff, he’s best 
known for creating the Samy Worm. Which spread its way through a popular 
social media site and had crazy results. Thanks to our guest Samy Kamkar 
for telling his story. Learn more about him by visiting https://samy.pl/. 
Sponsors This episode was sponsored by IT Pro TV. Get 65 hours of free 
training by visiting ITPro.tv/darknet. And use promo code DARKNET25. 
Support for this episode comes from LastPass. LastPass is a great password 
manager but it can do so much more. It can setup 2FA for your company, or 
use it to monitor what your users are doing in the network. Visit 
LastPass.com/Darknet to start your 14 day free trial. Sources Samy’s 
YouTube Channel Video: MySpace Worm Animated Story https://samy.pl/myspace/ 
https://www.vice.com/en_us/article/wnjwb4/the-myspace-worm-that-changed-the-internet-forever"
60,60: dawgyg,https://darknetdiaries.com/episode/60,2769,46.2,"Tue, 03 Mar 2020","This is a story about the hacker named “dawgyg” and how he made over 
$100,000 in a single day, from hacking. Thanks to our guest dawgyg for 
telling his story. Sponsors This episode is sponsored by SentinelOne - to 
learn more about their endpoint security solutions and get a 30-day free 
trial, visit sentinelone.com/darknetdiaries This episode was sponsored by 
Linode. Linode supplies you with virtual servers. Visit linode.com/darknet 
and when signing up with a new account use code darknet2020 to get a $20 
credit on your next project. Support for this episode comes from Blinkist. 
They offer thousands of condensed non-fiction books, so you can get through 
books in about 15 minutes. Check out Blinkist.com/DARKNET to start your 7 
day free trial and get 25% off when you sign up. Sources Video: The 
Million-Dollar Hacker | Bloomberg Video: Hacker makes big money as a bug 
bounty hunter | Kim Komando Show https://hackerone.com/dawgyg dawgyg wins 
h1415 https://www.hackerone.com/blog/meet-six-hackers-making-seven-figures 
USA v. DeVoss court records"
59,59: The Courthouse,https://darknetdiaries.com/episode/59,5331,88.9,"Tue, 18 Feb 2020","In this episode we hear from Gary and Justin. Two seasoned penetration 
testers who tell us a story about the time when they tried to break into a 
courthouse but it went all wrong. Sponsors This episode was sponsored by 
Detectify. Try their web vulnerability scanner free. Go to 
https://detectify.com/?utm_source=podcast&utm_medium=referral&utm_campaign=DARKNET 
This episode was sponsored by IT Pro TV. Get 65 hours of free training by 
visiting ITPro.tv/darknet. And use promo code DARKNET25. Support for this 
episode comes from Blinkist. They offer thousands of condensed non-fiction 
books, so you can get through books in about 15 minutes. Check out 
Blinkist.com/DARKNET to start your 7 day free trial and get 25% off when 
you sign up. Sources 
https://arstechnica.com/information-technology/2019/11/how-a-turf-war-and-a-botched-contract-landed-2-pentesters-in-iowa-jail/ 
https://krebsonsecurity.com/2020/01/iowa-prosecutors-drop-charges-against-men-hired-to-test-their-security/ 
https://www.coalfire.com/News-and-Events/Press-Releases/Coalfire-CEO-Tom-McAndrew-statement 
https://www.desmoinesregister.com/story/news/crime-and-courts/2019/10/10/iowa-supreme-court-justice-cady-policies-courthouse-break-ins-senate-polk-dallas-burglary-ia-cyber/3930656002/ 
https://www.desmoinesregister.com/story/news/crime-and-courts/2019/09/19/iowa-state-senator-calls-oversight-committee-investigate-courthouse-break-ins-crime-polk-dallas/2374576001/ 
https://www.desmoinesregister.com/story/news/crime-and-courts/2019/10/28/iowa-courthouse-break-ins-men-security-firm-plead-not-guilty-trespassing/2488314001/ 
https://www.desmoinesregister.com/story/news/crime-and-courts/2019/10/30/courthouse-break-in-ceo-cyber-security-coalfire-charges-dropped/4097354002/ 
https://www.desmoinesregister.com/story/news/crime-and-courts/2020/01/30/courthouse-break-ins-charges-dropped-against-coalfire-employees/4611574002/"
58,58: OxyMonster,https://darknetdiaries.com/episode/58,3822,63.7,"Tue, 04 Feb 2020","OxyMonster sold drugs on the darknet at Dream Market. Something happened 
though, and it all came crashing down. Sponsors This episode was sponsored 
by Detectify. Try their web vulnerability scanner free. Go to 
https://detectify.com/?utm_source=podcast&utm_medium=referral&utm_campaign=DARKNET 
This episode was sponsored by Molekule, a new air purifier that completely 
destroys air pollutants to help you breath easier. https://molekule.com to 
use check out code “DARKNET10” to get a discount. See complete list of 
sources at https://darknetdiaries.com/episode/58."
57,57: MS08-067,https://darknetdiaries.com/episode/57,3693,61.6,"Tue, 21 Jan 2020","Hear what goes on internally when Microsoft discovers a major vulnerability 
within Windows. Guest Thanks to John Lambert for sharing this story with 
us. Sponsors Support for this episode comes from ProCircular. Use the team 
at ProCircular to conduct security assessments, penetration testing, SIEM 
monitoring, help with patches, or do incident response. 
Visit www.procircular.com/ to learn more. This episode was sponsored by IT 
Pro TV. Get 65 hours of free training by visiting ITPro.tv/darknet. And use 
promo code DARKNET25. Support for this episode comes from Blinkist. They 
offer thousands of condensed non-fiction books, so you can get through 
books in about 15 minutes. Check out Blinkist.com/DARKNET to start your 7 
day free trial and get 25% off when you sign up. Sources 
https://blogs.technet.microsoft.com/johnla/2015/09/26/the-inside-story-behind-ms08-067/ 
https://www.justice.gov/opa/pr/payment-processor-scareware-cybercrime-ring-sentenced-48-months-prison 
https://www.nytimes.com/2019/06/29/opinion/sunday/conficker-worm-ukraine.html 
https://portal.msrc.microsoft.com/en-US/security-guidance/advisory/CVE-2020-0601 
https://www.wired.com/story/nsa-windows-10-vulnerability-disclosure/ Book: 
Worm Attribution Darknet Diaries is created by Jack Rhysider. Episode 
artwork by odibagas. Theme music created by Breakmaster Cylinder. Theme 
song available for listen and download at bandcamp. Or listen to it on 
Spotify."
56,56: Jordan,https://darknetdiaries.com/episode/56,2770,46.2,"Tue, 07 Jan 2020","This is the story of Jordan Harbinger. A bit of a misfit teenager, who was 
always on the edge of trouble. In this story we hear what happened that 
lead to a visit from the FBI. Guest Thanks to Jordan Harbinger for sharing 
his story with us. You can find hist podcast by searching for The Jordan 
Harbinger Show wherever you listen to podcasts. Sponsors This episode was 
sponsored by Thinkst Canary. Their canaries attract malicious actors in 
your network and then send you an alert if someone tries to access them. 
Great early warning system for knowing when someone is snooping around 
where they shouldn’t be. Check them out at https://canary.tools. Support 
for this episode comes from Blinkist. They offer thousands of condensed 
non-fiction books, so you can get through books in about 15 minutes. Check 
out Blinkist.com/DARKNET to start your 7 day free trial and get 25% off 
when you sign up. More information at https://darknetdiaries.com/episode/56."
55,55: NoirNet,https://darknetdiaries.com/episode/55,1057,17.6,"Wed, 25 Dec 2019","A holiday special episode. A private pen tester takes on a job that 
involves him with another eccentric pen tester, a mischievious smile, and 
his quest to gain access to the network. Guest Thanks to TinkerSec for 
telling us the story. Sources 
https://twitter.com/TinkerSec/status/1206410740099366918 Attribution 
Darknet Diaries is created by Jack Rhysider. Artwork this episode by 
habblesthecat. More information at DarknetDiaries.com."
54,54: NotPetya,https://darknetdiaries.com/episode/54,3749,62.5,"Tue, 24 Dec 2019","The story of NotPetya, seems to be the first time, we see what a cyber war 
looks like. In the summer of 2017 Ukraine suffered a serious and 
catastrophic cyber attack on their whole country. Hear how it went down, 
what got hit, and who was responsible. Guest Thanks to Andy Greenberg for 
his research and sharing this story. I urge you to get his book Sandworm 
because it’s a great story. Sponsors This episode was sponsored by Linode. 
Linode supplies you with virtual servers. Visit linode.com/darknet and when 
signing up with a new account use code darknet2019 to get a $20 credit on 
your next project. Support for this episode comes from Honeybook. HoneyBook 
is an online business management tool that organizes your client 
communications, bookings, contracts, and invoices – all in one place. Visit 
honeybook.com/darknet to get 50% off your subscription. This episode was 
sponsored by CMD. Securing Linux systems is hard, let CMD help you with 
that. Visit cmd.com/dark to get a free demo. For more show notes visit 
darknetdiaries.com/episode/54."
53,53: Shadow Brokers,https://darknetdiaries.com/episode/53,3184,53.1,"Tue, 10 Dec 2019","The NSA has some pretty advanced, super secret, hacking tools. What if 
these secret hacking tools were to end up in the wrong person’s hands? 
Well, that happened. Guest Thanks to Jake Williams from Rendition Security 
for telling us the story. Sponsors This episode was sponsored by Thinkst 
Canary. Their canaries attract malicious actors in your network and then 
send you an alert if someone tries to access them. Great early warning 
system for knowing when someone is snooping around where they shouldn’t be. 
Check them out at https://canary.tools. Support for this episode comes from 
Blinkist. They offer thousands of condensed non-fiction books, so you can 
get through books in about 15 minutes. Check out Blinkist.com/DARKNET to 
start your 7 day free trial and get 25% off when you sign up."
52,52: Magecart,https://darknetdiaries.com/episode/52,3077,51.3,"Tue, 26 Nov 2019","Credit card skimming is growing in popularity. Gas pumps all over are 
seeing skimmers attached to them. It’s growing in popularity because it’s 
really effective. Hackers have noticed how effective it is and have began 
skimming credit cards from websites. Guest Thanks to Yonathan Klijnsma from 
RiskIQ. Sponsors This episode was sponsored by Linode. Linode supplies you 
with virtual servers. Visit linode.com/darknet and when signing up with a 
new account use code darknet2019 to get a $20 credit on your next project. 
Support for this episode comes from Honeybook. HoneyBook is an online 
business management tool that organizes your client communications, 
bookings, contracts, and invoices – all in one place. Visit 
honeybook.com/darknet to get 50% off your subscription. This episode was 
sponsored by CMD. Securing Linux systems is hard, let CMD help you with 
that. Visit https://cmd.com/dark to get a free demo. Visit 
darknetdiaries.com for full show notes and transcripts."
51,Ep 51: The Indo-Pak Conflict,https://darknetdiaries.com/episode/51,2929,48.8,"Tue, 12 Nov 2019","Kashmir is a region right in between India, Pakistan, and China. For the 
last 70 years Pakistan and India have fought over this region of the world, 
both wanting to take control of it. Tensions sometimes heat up which can 
result in people being killed. When tensions get high in the real world, 
some people take to the internet and hack their rivals as a form of 
protest. In this episode we’ll explore some of the hacking that goes on 
between India and Pakistan. Sponsors Support for this episode comes from 
Check Point. Check Point makes firewalls and security appliances you can 
use to combat the latest generation of cyber attacks. Upgrade your 
cybersecurity at CheckPoint.com Support for this episode comes from 
Blinkist. They offer thousands of condensed non-fiction books, so you can 
get through books in about 15 minutes. Check out Blinkist.com/DARKNET to 
start your 7 day free trial and get 25% off when you sign up. For more show 
notes and links visit https://darknetdiaries.com/episode/51."
50,Ep 50: Operation Glowing Symphony,https://darknetdiaries.com/episode/50,4450,74.2,"Wed, 30 Oct 2019","Operation Inherent Resolve was started in 2016 which aimed to combat ISIS. 
It was a combined joint task force lead by the US military. Operation 
Inherent Resolve sent troops, ships, and air strikes to Iraq and Syria to 
fire weapons upon ISIS military. It’s widely known that US military engaged 
with ISIS in this way. But what you may not have heard, is the story of how 
the US military also combated ISIS over the Internet. This is the story of 
how the US hacked ISIS. Sponsors This episode was sponsored by Linode. 
Linode supplies you with virtual servers. Visit linode.com/darknet and when 
signing up with a new account use code darknet2019 to get a $20 credit on 
your next project. Support for this episode comes from Honeybook. HoneyBook 
is an online business management tool that organizes your client 
communications, bookings, contracts, and invoices – all in one place. Visit 
[honeybook.com/darknet] to get 50% off your subscription. Support for this 
episode comes from Check Point. Check Point makes firewalls and security 
appliances you can use to combat the latest generation of cyber attacks. 
Upgrade your cybersecurity at CheckPoint.com"
49,Ep 49: Elliot,https://darknetdiaries.com/episode/49,2837,47.3,"Tue, 15 Oct 2019","In this episode we meet Elliot Alderson (@fs0c131y) from Twitter. Who is 
this strange masked person? What adventures have they gotten themselves 
into? Many stories will be told. The mask will be lifted. Sponsors This 
episode was sponsored by Thinkst Canary. Their canaries attract malicious 
actors in your network and then send you an alert if someone tries to 
access them. Great early warning system for knowing when someone is 
snooping around where they shouldn’t be. Check them out at 
https://canary.tools. Go to https://nordvpn.com/darknet to get 70% off a 3 
year plan and use code darknet for an extra month for free!"
48,Ep 48: Operation Socialist,https://darknetdiaries.com/episode/48,3100,51.7,"Tue, 01 Oct 2019","This is the story about when a nation state hacks into a company within 
another nation. Sponsors This episode was sponsored by IT Pro TV. Get 65 
hours of free training by visiting ITPro.tv/darknet. And use promo code 
DARKNET25 to get 25% off. This episode was sponsored by Nord VPN. Visit 
https://nordvpn.com/darknet and use promo code “DARKNET” to get 75% off 
when signing up for 3 years."
47,Ep 47: Project Raven ,https://darknetdiaries.com/episode/47,3889,64.8,"Tue, 17 Sep 2019","This is the story about an ex-NSA agent who went to work for a secret 
hacking group in the UAE. Sponsors This episode was sponsored by Thinkst 
Canary. Their canaries attract malicious actors in your network and then 
send you an alert if someone tries to access them. Great early warning 
system for knowing when someone is snooping around where they shouldn’t be. 
Check them out at https://canary.tools. Support for this episode comes from 
Blinkist. They offer thousands of condensed non-fiction books, so you can 
get through books in about 15 minutes. Check out Blinkist.com/DARKNET to 
start your 7 day free trial and get 25% off when you sign up."
46,Ep 46: XBox Underground (Part 2),https://darknetdiaries.com/episode/46,5249,87.5,"Tue, 03 Sep 2019","This is the story about the XBox hacking scene and how a group of guys 
pushed their luck a little too far. This is part 2 of a 2 part series. 
Sponsors This episode was sponsored by IT Pro TV. Get 65 hours of free 
training by visiting ITPro.tv/darknet. Learn more about stocks and 
investing from MyWallSt. Visit mywallst.com/darknet to learn more."
45,Ep 45: XBox Underground (Part 1),https://darknetdiaries.com/episode/45,4939,82.3,"Tue, 20 Aug 2019","This is the story about the XBox hacking scene and how a group of guys 
pushed the hacking a little too far. This is part 1 of a 2 part series. 
Sponsors This episode was sponsored by Nord VPN. Visit 
https://nordvpn.com/darknet and use promo code ""DARKNET"". This episode was 
sponsored by Thinkst Canary. Their canaries attract malicious actors in 
your network and then send you an alert if someone tries to access them. 
Great early warning system for knowing when someone is snooping around 
where they shouldn't be. Check them out at https://canary.tools. This 
episode was sponsored by IT Pro TV. Get 65 hours of free training by 
visiting ITPro.tv/darknet. Use promot code ""DARKNET25"". "
44,Ep 44: Zain,https://darknetdiaries.com/episode/44,2206,36.8,"Tue, 06 Aug 2019","Ransomware is ugly. It infects your machine and locks all the the data and 
to unlock you have to pay a fee. In this episode we dive into some of the 
people behind it. Sponsors This episode was sponsored by CMD. Securing 
Linux systems is hard, let CMD help you with that. Visit 
https://cmd.com/dark to get a free demo. This episode was sponsored by 
MyWallSt. Their app can help you find good looking stocks to invest in. 
Visit MyWallSt.com/dark to start your free 30 day trial. For more show 
notes and links check out darknetdiaries.com."
43,Ep 43: PPP,https://darknetdiaries.com/episode/43,3771,62.9,"Tue, 23 Jul 2019","This is the story about how I acquired a black badge from DEFCON (pictured 
above). We also hear the story about who PPP is, and their CTF journey at 
DEFCON. This episode was sponsored by Nord VPN. Visit 
https://nordvpn.com/darknet and use promo code “DARKNET”. This episode was 
sponsored by Detectify. Try their web vulnerability scanner free. Go to 
https://detectify.com/?utm_source=podcast&utm_medium=referral&utm_campaign=DARKNET"
42,Ep 42: Mini-Stories: Vol 2,https://darknetdiaries.com/episode/42,3435,57.3,"Tue, 09 Jul 2019","Three stories in one episode. Listen in on one of Dave Kennedy's 
penetration tests he conducted where he got caught trying to gain entry 
into a datacenter. Listen to a network security engineer talk about the 
unexpected visitor found in his network and what he did about it. And 
listen to Dan Tentler talk about a wild and crazy engagement he did for a 
client. Guests A very special thanks to Dave Kennedy. Learn more about his 
company at trustedsec.com. Thank you Clay for sharing your story. Check out 
the WOPR Summit. Viss also brought an amazing story to share. Thank you 
too. Learn more about him at Phobos.io. I first heard Clay's story on the 
Getting Into Infosec Podcast. Thanks Ayman for finding him and bring that 
story to my attention. Sponsors This episode was sponsored by CMD. Securing 
Linux systems is hard, let CMD help you with that. Visit 
https://cmd.com/dark to get a free demo. This episode was sponsored by 
Thinkst Canary. Their canaries attract malicious actors in your network and 
then send you an alert if someone tries to access them. Great early warning 
system for knowing when someone is snooping around where they shouldn't be. 
Check them out at https://canary.tools. For more show notes and links check 
out darknetdiaries.com."
41,Ep 41: Just Visiting,https://darknetdiaries.com/episode/41,3136,52.3,"Tue, 25 Jun 2019","Join JekHyde and Carl on a physical penetration test, a social engineering 
engagagement, a red team assessment. Their mission is to get into a 
building they shouldn't be allowed, then plant a rogue computer they can 
use to hack into the network from a safe place far away. This episode was 
sponsored by Nord VPN. Visit https://nordvpn.com/darknet and use promo code 
""DARKNET"". This episode was sponsored by Hostinger. Go to 
https://hostinger.com/darknet and use code DARKNET to get 15% off a hosting 
plan and check out this week’s free feature. For more information visit 
darknetdiaries.com."
40,Ep 40: No Parking,https://darknetdiaries.com/episode/40,3808,63.5,"Tue, 11 Jun 2019","Take a ride with a red teamer. A physical penetration tester as he tries to 
make his away into unauthorized areas, steal sensitive documents, hack into 
the computers, and escape with company property. This episode was sponsored 
by CMD. Securing Linux systems is hard, let CMD help you with that. Visit 
https://cmd.com/dark to get a free demo. This episode was sponsored by 
Hostinger. Go to https://hostinger.com/darknet and use code DARKNET to get 
15% off a hosting plan and check out this week’s free feature. For complete 
show notes and links go to darknetdiaries.com."
39,Ep 39: 3 Alarm Lamp Scooter,https://darknetdiaries.com/episode/39,3204,53.4,"Tue, 28 May 2019","A talk at Defcon challenged people to find a way to destroy a hard drive. A 
young man was inspired by this challenge and was determined to find a way 
to destroy a hard drive. But this is not a typical young man, with a 
typical plan. For pictures of Daniel and his projects visit 
darknetdiaries.com/episode/39. This episode was sponsored by Nord VPN. 
Visit nordvpn.com/darknet and use promo code ""DARKNET"". This episode was 
sponsored by IT Pro TV. Get 65 hours of free training by visiting 
ITPro.tv/darknet."
38,Ep 38: Dark Caracal,https://darknetdiaries.com/episode/38,3404,56.7,"Tue, 14 May 2019","A journalist wrote articles critical of the Kazakhstan government. The 
government did not like this and attempted to silence her. But they may 
have done more than just silence her. Perhaps they tried to spy on her too. 
The EFF investigated this case and went down a very interesting rabbit 
hole. Thanks to Cooper Q from EFF's new Threat Lab. Also big thanks to Eva 
from EFF, Andrew Blaich and Michael Flossman from Lookout. For another 
story about the EFF listen to episode 12 ""Crypto Wars"". This episode was 
sponsored by CMD. Securing Linux systems is hard, let CMD help you with 
that. Visit https://cmd.com/dark to get a free demo."
37,Ep 37: LVS,https://darknetdiaries.com/episode/37,1883,31.4,"Tue, 30 Apr 2019","The Venetian casino in Las Vegas Nevada was the largest hotel in the world 
until 2015. The parent company is Las Vegas Sands (LVS) which owns 10 
properties around the world. And the CEO and founder of LVS is Sheldon 
Adelson. One day the CEO said something which sparked quite a firestorm. 
This episode was sponsored by Nucleus. Visit nucleussec.com to start your 
free trial. This episode was sponsored by CMD. Securing Linux systems is 
hard, let CMD help you with that. Visit https://cmd.com/dark to get a free 
demo. For more show notes visit DarknetDiaries.com."
36,Ep 36: Jeremy from Marketing,https://darknetdiaries.com/episode/36,3854,64.2,"Tue, 16 Apr 2019","A company hires a penetration tester to pose as a new hire, Jeremy from 
Marketing, to see how much he can hack into in his first week on the job. 
It doesn't go as planned. Thanks to @TinkerSec for telling us this story. 
This episode was sponsored by Nord VPN. Visit https://nordvpn.com/darknet 
and use promo code ""DARKNET"". This episode was sponsored by IT Pro TV. Get 
65 hours of free training by visiting ITPro.tv/darknet. For more show notes 
visit https://darknetdiaries.com/episode/36."
35,Ep 35: Carbanak,https://darknetdiaries.com/episode/35,2534,42.2,"Tue, 02 Apr 2019","ATM hacking. Hollywood has been fantasizing about this since the 1980's. 
But is this a thing now? A security researcher named Barnaby Jack 
investigated ATMs and found them to be vulnerable. Once he published his 
data the ATM hacking scene rose in popularity and is is a very serious 
business today. One of the first big ATM robberies was done with the 
malware called Carbanak. Jornt v.d. Wiel joins us to discuss what this 
malware is. This episode was sponsored by Nucleus. Visit nucleussec.com to 
start your free trial. This episode was sponsored by IT Pro TV. Get 65 
hours of free training by visiting ITPro.tv/darknet. For more show notes 
and links visit darknetdiaries.com."
34,Ep 34: For Your Eyes Only,https://darknetdiaries.com/episode/34,3235,53.9,"Tue, 19 Mar 2019","Nude selfies. This episode is all about nude selfies. What happens if you 
take one and give it to a vengeful boyfriend. What happens when a hacker 
knows you have them and wants to steal them from your phone. What happens 
is not good. This episode was sponsored by Nord VPN. Visit 
nordvpn.com/darknet and use promo code ""DARKNET"". This episode was 
sponsored by Molekule, a new air purifier that completely destroys air 
pollutants to help you breath easier. Visit molekule.com to use check out 
code ""DARKNET"" to get a discount. For references, sources, and links check 
out the show notes at darknetdiaries.com/episode/34/."
33,Ep 33: RockYou,https://darknetdiaries.com/episode/33,2553,42.6,"Tue, 05 Mar 2019","In 2009 a hacker broke into a website with millions of users and downloaded 
the entire user database. What that hacker did with the data has changed 
the way we view account security even today. This episode was sponsored by 
CuriosityStream. A streaming service showing non-fiction and documtnaries. 
Visit https://curiositystream.com/darknet and use promo code ""darknet"". 
This episode was sponsored by CMD. Securing Linux systems is hard, let CMD 
help you with that. Visit https://cmd.com/dark to get a free demo. To see 
more show notes visit darknetdiaries.com/episode/33."
32,Ep 32: The Carder,https://darknetdiaries.com/episode/32,2489,41.5,"Tue, 19 Feb 2019","A carding kingpin was tracked by the Secret Service. How did he steal the 
cards? Where was he stealing them from? How much was he making doing this? 
And where did he go wrong? Find out all this and more as we listen to how 
the Secret Service investigated the case. This episode was sponsored by 
Eero. A solution to blanket your home in WiFi. Visit 
https://eero.com/darknet and use promo code ""darknet"". This episode was 
sponsored by Nord VPN. Visit https://nordvpn.com/darknet and use promo code 
""darknet"". Cover image this episode created by 𝕄årç ∆⃝ 𝕄ølïñårō. Go to 
Darknet Diaries for additional show notes."
31,Ep 31: Hacker Giraffe,https://darknetdiaries.com/episode/31,3482,58.0,"Tue, 05 Feb 2019","In late November 2018, a hacker found over 50,000 printers were exposed to 
the Internet in ways they shouldn't have been. He wanted to raise awareness 
of this problem, and got himself into a whole heap of trouble. For show 
notes and links visit DarknetDiaries.com. This episode was sponsored by 
CuriosityStream. A documentary streaming service. Visit 
curiositystream.com/darknet and use promo code ""darknet"". This episode is 
also sponsored by Cover. Visit cover.com/darknet to get insured today."
30,Ep 30: Shamoon,https://darknetdiaries.com/episode/30,2301,38.4,"Tue, 22 Jan 2019","In 2012, Saudi Aramco was hit with the most destructive virus ever. 
Thousands and thousands of computers were destroyed. Herculean efforts were 
made to restore them to operational status again. But who would do such an 
attack? Very special thanks goes to Chris Kubecka for sharing her story. 
She is author of the book Down the Rabbit Hole An OSINT Journey, and Hack 
The World With OSINT (due out soon). This episode was sponsored by Eero. A 
solution to blanket your home in WiFi. Visit https://eero.com/darknet and 
use promo code ""darknet"". This episode is also sponsored by Cover. Visit 
cover.com/darknet to get insured today."
29,Ep 29: Stuxnet,https://darknetdiaries.com/episode/29,2586,43.1,"Tue, 08 Jan 2019","Stuxnet was the most sophisticated virus ever discovered. It's target was a 
nuclear enrichment facility in Iran. This virus was successfully able to 
destroy numerous centrifuges. Hear who did it and why. Special thanks to 
Kim Zetter for joining us this episode. You can find more about Stuxnet 
from her book Count Down to Zero Day. "
28,Ep 28: Unit 8200,https://darknetdiaries.com/episode/28,3095,51.6,"Sat, 15 Dec 2018","Israel has their own version of the NSA called Unit 8200. I was curious 
what this unit does and tried to take a peek inside. Hear what I found by 
listening along to this episode. This episode was sponsored by Nord VPN. 
Visit https://nordvpn.com/darknet and use promo code “darknet”. This 
episode is also sponsored by Mack Weldon. Visit mackweldon.com to shop for 
premium men's casual wear and get a 20% off discount with your first order 
by using promo code “diaries”."
27,Ep 27: Chartbreakers,https://darknetdiaries.com/episode/27,3014,50.2,"Sat, 01 Dec 2018","Something is wrong with the Apple Podcasts top charts. As a podcaster, this 
personally annoyed and intrigued me. I investigate how this is happening 
and who is behind it. For show notes visit 
https://darknetdiaries.com/episode/27. This episode was sponsored by Nord 
VPN. Visit https://nordvpn.com/darknet and use promo code 'darknet'. This 
episode is sponsored by LPSS Digital Marketing, your source for honest, 
transparent marketing services for businesses of all sizes. Visit LPSS at 
https://www.lpss.co/ for details."
26,Ep 26: IRS,https://darknetdiaries.com/episode/26,2241,37.4,"Thu, 15 Nov 2018","The IRS processes $3 trillion dollars a year. A lot of criminals want to 
get a piece of that. In 2015 the IRS had a large data breach. Hundreds of 
thousands of tax records were leaked. What happened and who was behind 
this? Listen to this episode to find out. For show notes visit 
https://darknetdiaries.com"
25,Ep 25: Alberto,https://darknetdiaries.com/episode/25,2735,45.6,"Thu, 01 Nov 2018","Alberto Hill was sent to prison for a long time for hacking. For a crime he 
said he did not commit. Listen to his story and you be the judge on whether 
he's guilty or not."
24,Ep 24: Operation Bayonet,https://darknetdiaries.com/episode/24,2532,42.2,"Mon, 15 Oct 2018","Darknet markets are online black markets. They are highly illegal, and 
dangerous to run. Hear exactly how dangerous it was for Alphabay and Hansa 
dark markets."
23,Ep 23: Vladimir Levin,https://darknetdiaries.com/episode/23,1822,30.4,"Mon, 01 Oct 2018","When banks started coming online, they almost immediately started being 
targeted by hackers. Vladimir Levin was one of the first ever known hacker 
to try to rob a bank. He succeeded a little, and failed a lot. Vladimir 
would go down in the history books as one of the most notorious hackers of 
all time because of his attempted online bank robberies."
22,Ep 22: Mini-Stories: Vol 1,https://darknetdiaries.com/episode/22,2501,41.7,"Sat, 15 Sep 2018","Three stories in one! In this episode we hear about a penetration test from 
Mubix that he'll never forget, a incident response from Robert M. Lee which 
completely stunned him, and a social engineering mission from Snow. Podcast 
recommendation: Moonshot."
21,Ep 21: Black Duck Eggs,https://darknetdiaries.com/episode/21,1699,28.3,"Sat, 01 Sep 2018","Ira Winkler's specialty is assembling elite teams of special forces and 
intelligence officers to go after companies. Ira shares a story about a 
time he and his team broke into a global 5 company. A company so large that 
theft of intellictual property could result in billions of dollars of 
damage. Ira's consulting company: Secure Mentum. His books: Spies Among Us, 
Advanced Persistent Security, Through the Eyes of the Enemy. "
20,Ep 20: mobman,https://darknetdiaries.com/episode/20,2903,48.4,"Wed, 15 Aug 2018","Chances are, if you were downloading shady programs in the early 2000's, 
you were infected with malware he wrote called SubSeven. Hacking changed 
mobman's life. Hear how it happened by listening to this episode. Image for 
this episode created by dr4w1ngluc4s. Check out his Instagram to see some 
amazing artwork! Check out the podcasts Van Sounds and True Crime Island"
19,Ep 19: Operation Aurora,https://darknetdiaries.com/episode/19,1889,31.5,"Wed, 01 Aug 2018","In 2009, around Christmas time, something terrible was lurking in the 
network at Google. Google is the most popular website on the Internet. It’s 
so popular many people just think Google is the Internet. Google hires many 
of the most talented minds and has been online since the 90s. Hacking into 
Google is no easy task. There’s a team of security engineers who test and 
check all the configurations on the site before they go live. And Google 
has teams of security analysts and technicians watching the network 24/7 
for attacks, intrusions, and suspicious activity. Security plays a very 
vital role at Google, and everything has to have the best protections. But 
this attack slipped past all that. Hackers had found their way into the 
network. They compromised numerous systems, burrowed their way into 
Google’s servers, and were trying to get to data they shouldn’t be allowed 
to have. Google detected this activity. And realized pretty quickly they 
were dealing with an attack more sophisticated than anything they’ve ever 
seen. Podcast recommendation: Twenty Thousand Hertz"
18,Ep 18: Jackpot,https://darknetdiaries.com/episode/18,1385,23.1,"Sun, 01 Jul 2018","A man addicted to gambling finds a bug in a video poker machine that lets 
him win excessive amounts of money."
17,Ep 17: Finn,https://darknetdiaries.com/episode/17,2899,48.3,"Sun, 03 Jun 2018","A 14-year-old kid who finds himself bored in class decides to hack 
someone's twitter account and ends up with more than he bargained for."
16,Ep 16: Eijah,https://darknetdiaries.com/episode/16,2260,37.7,"Tue, 01 May 2018","In 2007, a hacker named Eijah got fed up with the way DRM prevented him 
from being able to play the content he paid for. He decided to fight back 
against the AACS and find a way to circumvent the DRM. By the time Eijah 
was done, his life wasn't the same."
15,Ep 15: Ill Tills,https://darknetdiaries.com/episode/15,2121,35.4,"Sun, 01 Apr 2018","A major retailer was hacked. Their point of sales machines were riddled 
with malware. Listen to hear how digital forensics and incident responders 
handled the situation. What malware was found? Where was it found? How was 
it stopped? And most importantly, how much data was leaked?"
14,Ep 14: #OpJustina,https://darknetdiaries.com/episode/14,1632,27.2,"Thu, 01 Mar 2018","In 2013 a hospital was accused of conducting a medical kidnapping against a 
young girl name Justina. This enraged many people across the country, 
including members of anonymous. A DDOS attack was waged against the 
hospital."
13,Ep 13: Carna Botnet,https://darknetdiaries.com/episode/13,2118,35.3,"Thu, 15 Feb 2018","In 2012 the Carna Bot was built and unleashed on the world. But it didn't 
have any intentions on doing anything malicious. It was built just to help 
us all understand the Internet better. This botnet used the oldest security 
vulnerable in the book. And the data that came out of it was amazing."
12,Ep 12: Crypto Wars,https://darknetdiaries.com/episode/12,1830,30.5,"Thu, 01 Feb 2018","In the 1990's the Internet started to take shape. But the US goverment had 
strict laws regulating what type of cryptography is allowed to be used 
online. A few brave people stood up to the government in the name of civil 
rights and won the right to use strong encryption. Listen to their battle 
and what they had to do through to accomplish this."
11,Ep 11: Strictly Confidential,https://darknetdiaries.com/episode/11,1292,21.5,"Mon, 15 Jan 2018","What happens when an innovative tech company, that's trying to develop the 
next big thing, detects a hacker in their network? We hear the story from a 
digital forensics investigator which has a surprising result."
10,Ep 10: Misadventures of a Nation State Actor,https://darknetdiaries.com/episode/10,2125,35.4,"Mon, 01 Jan 2018","In today's world of intelligence gathering, governments hack other 
governments. This episode takes you on a ride with a nation state actor to 
see exactly how it's done."
9,Ep 9: The Rise and Fall of Mt. Gox,https://darknetdiaries.com/episode/9,1853,30.9,"Fri, 15 Dec 2017","Mt. Gox was the largest bitcoin exchange in the world. It suddenly went 
offline. What happened?"
8,Ep 8: Manfred (Part 2),https://darknetdiaries.com/episode/8,1808,30.1,"Fri, 01 Dec 2017","Manfred found a way to turn his passion for video games and reverse 
engineering into a full time business. He exploited video games and sold 
virtual goods and currency for real money. This was his full time job. 
Listen to this episode to hear exactly how he did this. "
7,Ep 7: Manfred (Part 1),https://darknetdiaries.com/episode/7,1516,25.3,"Fri, 01 Dec 2017","Manfred has had the most epic story of all online video game stories. For 
the last 20 years, he's been hacking online games."
6,Ep 6: The Beirut Bank Job,https://darknetdiaries.com/episode/6,1879,31.3,"Wed, 15 Nov 2017","Jayson E. Street tells us a story about the time he broke into a bank in 
Beirut Lebanon."
5,Ep 5: #ASUSGATE,https://darknetdiaries.com/episode/5,1627,27.1,"Wed, 01 Nov 2017","Security researcher Kyle Lovett bought a new Asus router in 2013. He found 
it was riddled with security vulnerabilties. He set out on a mission to 
resolve these vulnerabilities not only for his own router, but for 
thousands of others who were also vulnerable. "
4,Ep 4: Panic! at the TalkTalk Board Room,https://darknetdiaries.com/episode/4,2423,40.4,"Sun, 15 Oct 2017","Mobile provider TalkTalk suffered a major breach in 2015. The CEO tried her 
best to keep angry customers calm and carry on. The UK government and 
Metropolitan Police investigate the breach. We get a rare glimpse of how 
the CEO handles the crisis."
3,"Ep 3: DigiNotar, You are the Weakest Link, Good Bye!",https://darknetdiaries.com/episode/3,1664,27.7,"Sun, 01 Oct 2017","The 2011 DigiNotar breach changed the way browsers do security. In this 
episode, we learn what role a CA plays, how browsers work with CAs, and 
what happens when a CA is breached."
2,Ep 2: The Peculiar Case of the VTech Hacker,https://darknetdiaries.com/episode/2,1520,25.3,"Fri, 15 Sep 2017","VTech makes toy tablets, laptops, and watches for kids. In 2015, they were 
breached. The hacker downloaded gigs of children's data. Discover what the 
hacker did once he took the data."
1,Ep 1: The Phreaky World of PBX Hacking,https://darknetdiaries.com/episode/1,841,14.0,"Fri, 01 Sep 2017","Farhan Arshad and Noor Aziz Uddin were captured 2 years after being placed 
on the FBI's Cyber's Most Wanted list for PBX hacking. In this episode, we 
explain PBX hacking and how hackers are racking up billions of dollars in 
phone bills. We also learn how the two men were captured."